date,light_max_lux
2024-08-14,109700
2024-08-15,84218
2024-08-16,111009
2024-08-17,117899
2024-08-18,118739
2024-08-19,62129
2024-08-20,134969
2024-08-21,103709
2024-08-22,102299
2024-08-23,104002
2024-08-24,104850
2024-08-25,109799
2024-08-26,99839
2024-08-27,100769
2024-08-28,101629
2024-08-30,101290
2024-08-31,102699
2024-09-01,111768
2024-09-02,91379
2024-09-03,98858
2024-09-04,99748
2024-09-05,113868
2024-09-06,110689
2024-09-07,99219
2024-09-08,10809
2024-09-09,109729
2024-09-10,98558
2024-09-11,102658
2024-09-12,76208
2024-09-13,108429
2024-09-14,114178
2024-09-15,101389
2024-09-16,92638
2024-09-17,105009
2024-09-18,82928
2024-09-19,81739
2024-09-20,96259
2024-09-21,87328
2024-09-22,92289
2024-09-23,94989
2024-09-24,91228
2024-09-25,96069
2024-09-26,38768
2024-09-27,91319
2024-09-28,103379
2024-09-29,87969
2024-09-30,97199
2024-10-01,27938
2024-10-02,89499
2024-10-03,17949
2024-10-04,102179
2024-10-05,93269
2024-10-06,72018
2024-10-07,11459
2024-10-08,31329
2024-10-09,79628
2024-10-10,93719
2024-10-11,85899
2024-10-12,74169
2024-10-13,34958
2024-10-14,74599
2024-10-15,56359
2024-10-16,15728
2024-10-17,23659
2024-10-18,81899
2024-10-19,20379
2024-10-20,82509
2024-10-21,61379
2024-10-22,74529
2024-10-23,25459
2024-10-24,82869
2024-10-25,19349
2024-10-26,62159
2024-10-27,64629
2024-10-28,52639
2024-10-29,53678
2024-10-30,52919
2024-10-31,53329
2024-11-01,52178
2024-11-02,52589
2024-11-03,46968
2024-11-04,49488
2024-11-05,54669
2024-11-06,
2024-11-07,
2024-11-08,
2024-11-09,
2024-11-10,
2024-11-11,
2024-11-12,
2024-11-13,
2024-11-14,
2024-11-15,
2024-11-16,42799
2024-11-17,15879
2024-11-18,43039
2024-11-19,35379
2024-11-20,23379
2024-11-21,31348
2024-11-22,41279
2024-11-23,37579
2024-11-24,16809
2024-11-25,26579
2024-11-26,39439
2024-11-27,43768
2024-11-28,30189
2024-11-29,36409
2024-11-30,34158
2024-12-01,35399
2024-12-02,33439
2024-12-03,12618
2024-12-04,20238
2024-12-05,32858
2024-12-06,18269
2024-12-07,29599
2024-12-08,28989
2024-12-09,21148
2024-12-10,16009
2024-12-11,26709
2024-12-12,31399
2024-12-13,19959
2024-12-14,22789
2024-12-15,31858
2024-12-16,31109
2024-12-17,23329
2024-12-18,17738
2024-12-19,14769
2024-12-20,23289
2024-12-21,30698
2024-12-22,5169
2024-12-23,30548
2024-12-24,30869
2024-12-25,30929
2024-12-26,31158
2024-12-27,31619
2024-12-28,30958
2024-12-29,30969
2024-12-30,31948
2024-12-31,29739
2025-01-01,21379
2025-01-02,36339
2025-01-03,37429
2025-01-04,33729
2025-01-05,17838
2025-01-06,26889
2025-01-07,35239
2025-01-08,12218
2025-01-09,25059
2025-01-10,35768
2025-01-11,22138
2025-01-12,36119
2025-01-13,36299
2025-01-14,36568
2025-01-15,47729
2025-01-16,38749
2025-01-17,38299
2025-01-18,20638
2025-01-19,43629
2025-01-20,28109
2025-01-21,36979
2025-01-22,19238
2025-01-23,26359
2025-01-24,41909
2025-01-25,43078
2025-01-26,36199
2025-01-27,18649
2025-01-28,71069
2025-01-29,67139
2025-01-30,46949
2025-01-31,4318
2025-02-01,15959
2025-02-02,57088
2025-02-03,49729
2025-02-04,49101
2025-02-05,51229
2025-02-06,52819
2025-02-07,50329
2025-02-08,16659
2025-02-09,33229
2025-02-10,67008
2025-02-11,21748
2025-02-12,13269
2025-02-13,63819
2025-02-14,47499
2025-02-15,61339
2025-02-16,61379
2025-02-17,67329
2025-02-18,56509
2025-02-19,21179
2025-02-20,68308
2025-02-21,62849
2025-02-22,36558
2025-02-23,46229
2025-02-24,27799
2025-02-25,81159
2025-02-26,76369
2025-02-27,70769
2025-02-28,91469
2025-03-01,66169
2025-03-02,74339
2025-03-03,76059
2025-03-04,78699
2025-03-05,77028
2025-03-06,75949
2025-03-07,81909
2025-03-08,77818
2025-03-09,57129
2025-03-10,101769
2025-03-11,103979
2025-03-12,29348
2025-03-13,101358
2025-03-14,71349
2025-03-15,79879
2025-03-16,96589
2025-03-17,91648
2025-03-18,85869
2025-03-19,88038
2025-03-20,85789
2025-03-21,41258
2025-03-22,22548
2025-03-23,101329
2025-03-24,102589
2025-03-25,99829
2025-03-26,113929
2025-03-27,38249
2025-03-28,114289
2025-03-29,124109
2025-03-30,113478
2025-03-31,114719
2025-04-01,92809
2025-04-02,109119
2025-04-03,97799
2025-04-04,96599
2025-04-05,95938
2025-04-06,120299
2025-04-07,100958
2025-04-08,113968
2025-04-09,98338
2025-04-10,107699
2025-04-11,100849
2025-04-12,103419
2025-04-13,22429
2025-04-14,27719
2025-04-15,137239
2025-04-16,83989
2025-04-17,60709
2025-04-18,123409
2025-04-19,127188
2025-04-20,84699
2025-04-21,102858
2025-04-22,102588
2025-04-23,104219
2025-04-24,132249
2025-04-25,120338
2025-04-26,137439
2025-04-27,122609
2025-04-28,120809
2025-04-29,109049
2025-04-30,111229
2025-05-01,113359
2025-05-02,113499
2025-05-03,127298
2025-05-04,121678
2025-05-05,136529
2025-05-06,110119
2025-05-07,48678
2025-05-08,140818
2025-05-09,116699
2025-05-10,118519
2025-05-11,124209
2025-05-12,124939
2025-05-13,133419
2025-05-14,117868
2025-05-15,117339
2025-05-16,137579
2025-05-17,143249
2025-05-18,143269
2025-05-19,134069
2025-05-20,55219
2025-05-21,118778
2025-05-22,139798
2025-05-23,130609
2025-05-24,143149
2025-05-25,117939
2025-05-26,118229
2025-05-27,159899
2025-05-28,123449
2025-05-29,132398
2025-05-30,119369
2025-05-31,120939
2025-06-01,120569
2025-06-02,116968
2025-06-03,121765
2025-06-04,120129
2025-06-05,105829
2025-06-06,116878
2025-06-07,120188
2025-06-08,120439
2025-06-09,110558
2025-06-10,111439
2025-06-11,115119
2025-06-12,113068
2025-06-13,113509
2025-06-14,112709
2025-06-15,132509
2025-06-16,121759
2025-06-17,155538
2025-06-18,120709
2025-06-19,120909
2025-06-20,118339
2025-06-21,132169
2025-06-22,120588
2025-06-23,122078
2025-06-24,118619
2025-06-25,121569
2025-06-26,117929
2025-06-27,119578
2025-06-28,122559
2025-06-29,118529
2025-06-30,123019
2025-07-01,120429
2025-07-02,119739
2025-07-03,118738
2025-07-04,118529
2025-07-05,127498
2025-07-06,130229
2025-07-07,140359
2025-07-08,127819
2025-07-09,122599
2025-07-10,121178
2025-07-11,124078
2025-07-12,112762
2025-07-13,150628
2025-07-14,122519
2025-07-15,118478
2025-07-16,116719
2025-07-17,120249
2025-07-18,123259
2025-07-19,111819
2025-07-20,141429
2025-07-21,133398
2025-07-22,131969
2025-07-23,131498
2025-07-24,136739
2025-07-25,42929
2025-07-26,129239
2025-07-27,121599
2025-07-28,109289
2025-07-29,130088
2025-07-30,159569
2025-07-31,122629
2025-08-01,140469
2025-08-02,114668
2025-08-03,114278
2025-08-04,145349
2025-08-05,113219
2025-08-06,107758
2025-08-07,109629
2025-08-08,115059
2025-08-09,112239
2025-08-10,112129
2025-08-11,111849
2025-08-12,109719
2025-08-13,127319
2025-08-14,109739
2025-08-15,106109
2025-08-16,102769
2025-08-17,120788
2025-08-18,104699
2025-08-19,103479
2025-08-20,91459
2025-08-21,121759
2025-08-22,112729
2025-08-23,113899
2025-08-24,124519
2025-08-25,121749
2025-08-26,104968
2025-08-27,101699
2025-08-28,101619
2025-08-29,117139
2025-08-30,118239
2025-08-31,107319
2025-09-01,124159
2025-09-02,123588
2025-09-03,108629
2025-09-04,102799
2025-09-05,120029
2025-09-06,90869
2025-09-07,100499
2025-09-08,90509
2025-09-09,72049
2025-09-10,89299
2025-09-11,112699
2025-09-12,109329
2025-09-13,92619
2025-09-14,100079
2025-09-15,107768
2025-09-16,111329
2025-09-17,87819
2025-09-18,89479
2025-09-19,89449
2025-09-20,87759
2025-09-21,87299
2025-09-22,83959
2025-09-23,88338
2025-09-24,109439
2025-09-25,88199
2025-09-26,50949
2025-09-27,87009
2025-09-28,83969
2025-09-29,81709
2025-09-30,78987
2025-10-01,100779
2025-10-02,96659
2025-10-03,78089
2025-10-04,89359
2025-10-05,81999
2025-10-06,77149
2025-10-07,77199
2025-10-08,74369
2025-10-09,75999
2025-10-10,72689
2025-10-11,71979
2025-10-12,70079
2025-10-13,67908
2025-10-14,69398
2025-10-15,67059
2025-10-16,66579
2025-10-17,65949
2025-10-18,64908
2025-10-19,65349
2025-10-20,29048
2025-10-21,70349
2025-10-22,47868
2025-10-23,20628
2025-10-24,61439
2025-10-25,38609
2025-10-26,71089
2025-10-27,58479
2025-10-28,57139
2025-10-29,70929
2025-10-30,15728
2025-10-31,53839
2025-11-01,42939
2025-11-02,22579
2025-11-03,52649
2025-11-04,52959
2025-11-05,52629
2025-11-06,50309
2025-11-07,33819
2025-11-08,47419
2025-11-09,46799
2025-11-10,46259
2025-11-11,49888
2025-11-12,49729
2025-11-13,56719
2025-11-14,45978
2025-11-15,17999
2025-11-16,26729
2025-11-17,46159
2025-11-18,42119
2025-11-19,29719
2025-11-20,30969
2025-11-21,45539
2025-11-22,34379
2025-11-23,40209
2025-11-24,10499
2025-11-25,44329
2025-11-26,29669
2025-11-27,36209
2025-11-28,33939
2025-11-29,35779
2025-11-30,24999
2025-12-01,6318
2025-12-02,33019
2025-12-03,33658
2025-12-04,17799
2025-12-05,36289
2025-12-06,33769
2025-12-07,38629
2025-12-08,30019
2025-12-09,18379
2025-12-10,44099
2025-12-11,31879
2025-12-12,26799
2025-12-13,35758
2025-12-14,31609
2025-12-15,24409
2025-12-16,5589
2025-12-17,19038
2025-12-18,30019
2025-12-19,13538
2025-12-20,19499
2025-12-21,20319
2025-12-22,34099
2025-12-23,16028
2025-12-24,17599
2025-12-25,9599
2025-12-26,28529
2025-12-27,29299
2025-12-28,29172
2025-12-29,29539
2025-12-30,29479
2025-12-31,29348